key,severity,blur_score,blur_lap_var,blur_grad_mean,skipped_deblur,lap_var_in,lap_var_out,lap_var_delta,grad_mean_in,grad_mean_out,grad_mean_delta,intensity_in,intensity_out,intensity_delta,correction_score
101,sharp,0.39079192059580237,0.001633492880500853,0.03891584277153015,False,0.001633492880500853,0.0014522367855533957,-0.0001812560949474573,0.03891584277153015,0.04304702579975128,0.00413118302822113,0.3126744031906128,0.2871333360671997,-0.025541067123413086,0.041130574187263846
1019,sharp,0.26857133611338213,0.00043077050941064954,0.026814056560397148,False,0.00043077050941064954,0.0007543726242147386,0.00032360211480408907,0.026814056560397148,0.03327232971787453,0.006458273157477379,0.2856803238391876,0.2580888271331787,-0.02759149670600891,0.06490633368957788
1044,sharp,0.19854057220800314,0.00021852193458471447,0.019832205027341843,False,0.00021852193458471447,0.00035961129469797015,0.00014108936011325568,0.019832205027341843,0.02324322611093521,0.0034110210835933685,0.24198609590530396,0.21248775720596313,-0.02949833869934082,0.03425130019604694
1047,sharp,0.1985637555771973,0.00018146735965274274,0.019838228821754456,False,0.00018146735965274274,0.0003153218131046742,0.00013385445345193148,0.019838228821754456,0.024411384016275406,0.00457315519452095,0.2612484097480774,0.2344580590724945,-0.026790350675582886,0.045865406398661435
1053,sharp,0.11119535232501221,4.89972771902103e-05,0.0111146355047822,False,4.89972771902103e-05,8.22608926682733e-05,3.3263615478063e-05,0.0111146355047822,0.013559810817241669,0.002445175312459469,0.25321322679519653,0.22590352594852448,-0.027309700846672058,0.02448501674007275
1057,sharp,0.15078369489492616,9.060798765858635e-05,0.015069308690726757,False,9.060798765858635e-05,0.00015127869846764952,6.0670710809063166e-05,0.015069308690726757,0.019179048016667366,0.004109739325940609,0.3293113112449646,0.3038344085216522,-0.025476902723312378,0.04115806397021515
1078,sharp,0.2567005945456913,0.0001655189407756552,0.025653507560491562,False,0.0001655189407756552,0.0003035531553905457,0.00013803421461489052,0.025653507560491562,0.03247088938951492,0.006817381829023361,0.4029633700847626,0.38863036036491394,-0.014333009719848633,0.0683118525048485
1082,sharp,0.2609077024681028,0.00015617566532455385,0.026075152680277824,False,0.00015617566532455385,0.00029494386399164796,0.0001387681986670941,0.026075152680277824,0.031894534826278687,0.005819382146000862,0.4447419345378876,0.43230366706848145,-0.012438267469406128,0.058332589658675715
1085,sharp,0.24849343734967988,0.00014111089694779366,0.02483523264527321,False,0.00014111089694779366,0.00025608116993680596,0.0001149702729890123,0.02483523264527321,0.02966890297830105,0.00483367033302784,0.41100627183914185,0.39204323291778564,-0.0189630389213562,0.04845167360326741
1100,sharp,0.15738673724990804,9.030320507008582e-05,0.015729643404483795,False,9.030320507008582e-05,0.0001559355587232858,6.563235365319997e-05,0.015729643404483795,0.01827634498476982,0.002546701580286026,0.237297922372818,0.21936187148094177,-0.01793605089187622,0.02553264815651346
1115,sharp,0.1730653693084605,0.00014205026673153043,0.017292331904172897,False,0.00014205026673153043,0.00023213184613268822,9.00815794011578e-05,0.017292331904172897,0.02059469372034073,0.0033023618161678314,0.27212196588516235,0.2512074410915375,-0.020914524793624878,0.03311369974107947
112,sharp,0.27005313098197803,0.0007415017462335527,0.026931162923574448,False,0.0007415017462335527,0.0006631527212448418,-7.834902498871088e-05,0.026931162923574448,0.02925826981663704,0.0023271068930625916,0.289871484041214,0.25704696774482727,-0.03282451629638672,0.023192719905637205
1126,sharp,0.22317375254351646,0.00019450869876891375,0.022297924384474754,False,0.00019450869876891375,0.00038991181645542383,0.00019540311768651009,0.022297924384474754,0.028006460517644882,0.005708536133170128,0.293307363986969,0.27224186062812805,-0.021065503358840942,0.05728076444938779
113,sharp,0.2584871875005774,0.0006159806507639587,0.025787120684981346,False,0.0006159806507639587,0.00056873430730775,-4.7246343456208706e-05,0.025787120684981346,0.028234267607331276,0.00244714692234993,0.28548720479011536,0.2548689842224121,-0.030618220567703247,0.02442422288004309
1143,sharp,0.22031712996249553,0.0001903036463772878,0.022012682631611824,False,0.0001903036463772878,0.000315311539452523,0.0001250078930752352,0.022012682631611824,0.026418546214699745,0.004405863583087921,0.2920888662338257,0.26121094822883606,-0.030877918004989624,0.04418364372395445
1145,sharp,0.1980088074633386,0.0001429748663213104,0.01978658325970173,False,0.0001429748663213104,0.00024899354320950806,0.00010601867688819766,0.01978658325970173,0.02377934753894806,0.00399276427924633,0.28119096159935,0.2497330904006958,-0.031457871198654175,0.0400336614693515
122,sharp,0.23378681001486257,0.00045198557199910283,0.023333482444286346,False,0.00045198557199910283,0.0006082283216528594,0.00015624274965375662,0.023333482444286346,0.02715434692800045,0.0038208644837141037,0.2762611210346222,0.24684813618659973,-0.02941298484802246,0.038364887586794794
13,sharp,0.4508933466859162,0.0023701456375420094,0.04485232010483742,False,0.0023701456375420094,0.0022969539277255535,-7.319170981645584e-05,0.04485232010483742,0.05468384176492691,0.009831521660089493,0.33233773708343506,0.30765560269355774,-0.02468213438987732,0.09824202489107847
132,sharp,0.22308233246440068,0.00036877632373943925,0.022271355614066124,False,0.00036877632373943925,0.000451719737611711,8.294341387227178e-05,0.022271355614066124,0.025151420384645462,0.002880064770579338,0.2589438855648041,0.23194140195846558,-0.0270024836063385,0.028883591119665653
134,sharp,0.19918709836201742,0.0002206101198680699,0.019896648824214935,False,0.0002206101198680699,0.00029272190295159817,7.211178308352828e-05,0.019896648824214935,0.022562667727470398,0.0026660189032554626,0.24308031797409058,0.2187829166650772,-0.024297401309013367,0.026732300815638155
140,sharp,0.24866810109233484,0.0007507581613026559,0.024791734293103218,False,0.0007507581613026559,0.0006696272175759077,-8.113094372674823e-05,0.024791734293103218,0.027078956365585327,0.002287222072482109,0.24389587342739105,0.21595245599746704,-0.02794341742992401,0.022791089781094342
148,sharp,0.19027055623882916,0.00019845935457851738,0.019007209688425064,False,0.00019845935457851738,0.0002769852289929986,7.852587441448122e-05,0.019007209688425064,0.021769696846604347,0.002762487158179283,0.25344908237457275,0.22344724833965302,-0.03000183403491974,0.027703397456207313
150,sharp,0.2560228301445022,0.0005848152795806527,0.025543801486492157,False,0.0005848152795806527,0.0006847729673609138,9.995768778026104e-05,0.025543801486492157,0.029684247449040413,0.004140445962548256,0.2553804814815521,0.2278878539800644,-0.027492627501487732,0.04150441731326282
164,sharp,0.19038770694169216,0.00028668317827396095,0.01901010237634182,False,0.00028668317827396095,0.00035722815664485097,7.054497837089002e-05,0.01901010237634182,0.021195992827415466,0.0021858904510736465,0.24309903383255005,0.2205042690038681,-0.022594764828681946,0.021929449489107355
168,sharp,0.16470419921097346,0.0003210895520169288,0.016438310965895653,False,0.0003210895520169288,0.0003097963344771415,-1.1293217539787292e-05,0.016438310965895653,0.017702758312225342,0.001264447346329689,0.2680777609348297,0.23286911845207214,-0.03520864248275757,0.012633180245757103
173,sharp,0.12382817239267752,0.00013241328997537494,0.012369575910270214,False,0.00013241328997537494,0.0001690272765699774,3.6613986594602466e-05,0.012369575910270214,0.013814452104270458,0.0014448761940002441,0.27316418290138245,0.24045178294181824,-0.03271239995956421,0.014485375926597044
192,sharp,0.13991199702286394,0.00010395691060693935,0.0139808040112257,False,0.00010395691060693935,0.00013315169780980796,2.919478720286861e-05,0.0139808040112257,0.015725260600447655,0.0017444565892219543,0.2973994314670563,0.27676257491111755,-0.02063685655593872,0.017473760679422412
217,sharp,0.2057700050645508,0.0009187129908241332,0.020485129207372665,False,0.0009187129908241332,0.0007526791305281222,-0.00016603386029601097,0.020485129207372665,0.022673601284623146,0.0021884720772504807,0.27281901240348816,0.2518729269504547,-0.020946085453033447,0.021718686912208796
219,sharp,0.20147563837235793,0.0006095128483138978,0.020086612552404404,False,0.0006095128483138978,0.0006818791152909398,7.236626697704196e-05,0.020086612552404404,0.02347753569483757,0.0033909231424331665,0.30413615703582764,0.28660497069358826,-0.01753118634223938,0.03398159769130871
225,sharp,0.14148321631364524,0.00025824340991675854,0.014122497290372849,False,0.00025824340991675854,0.0003422645095270127,8.402109961025417e-05,0.014122497290372849,0.016537997871637344,0.002415500581264496,0.22436495125293732,0.20566238462924957,-0.018702566623687744,0.024239026912255213
244,sharp,0.12117110705003142,0.0001945490948855877,0.012097655795514584,False,0.0001945490948855877,0.00020864253747276962,1.4093442587181926e-05,0.012097655795514584,0.01398162916302681,0.001883973367512226,0.2468181550502777,0.22659476101398468,-0.02022339403629303,0.018853827117709443
249,sharp,0.09497942850430263,8.101091225398704e-05,0.009489841759204865,False,8.101091225398704e-05,0.00012155145668657497,4.054054443258792e-05,0.009489841759204865,0.01085585355758667,0.0013660117983818054,0.2300640493631363,0.2155115008354187,-0.01455254852771759,0.013700658528250642
253,sharp,0.09640945962746628,0.00014552756329067051,0.00962639320641756,False,0.00014552756329067051,0.00017494136409368366,2.9413800803013146e-05,0.00962639320641756,0.010857752524316311,0.0012313593178987503,0.24893583357334137,0.2331908494234085,-0.01574498414993286,0.012343006979790516
256,sharp,0.19404063862748444,0.0006684002000838518,0.01933722384274006,False,0.0006684002000838518,0.0006821881397627294,1.3787939678877592e-05,0.01933722384274006,0.021673202514648438,0.0023359786719083786,0.2692972719669342,0.24518464505672455,-0.024112626910209656,0.023373574658762664
257,sharp,0.13664539629826322,0.00019071350106969476,0.013645468279719353,False,0.00019071350106969476,0.0002395862975390628,4.887279646936804e-05,0.013645468279719353,0.01574520766735077,0.0020997393876314163,0.2637636363506317,0.24036967754364014,-0.023393958806991577,0.02104626667278353
262,sharp,0.09269451058207778,8.62245142343454e-05,0.009260828606784344,False,8.62245142343454e-05,8.274917490780354e-05,-3.475339326541871e-06,0.009260828606784344,0.01085527054965496,0.001594441942870617,0.26960331201553345,0.25043341517448425,-0.019169896841049194,0.015940944089379627
263,sharp,0.09314067072409671,0.00011690302926581353,0.00930237676948309,False,0.00011690302926581353,7.103898678906262e-05,-4.586404247675091e-05,0.00930237676948309,0.01068203803151846,0.0013796612620353699,0.2833766043186188,0.26346132159233093,-0.019915282726287842,0.013750748577876948
278,sharp,0.1496227906027343,0.00026014455943368375,0.014936264604330063,False,0.00026014455943368375,0.0003255648189224303,6.542025948874652e-05,0.014936264604330063,0.017445525154471397,0.0025092605501413345,0.3125731945037842,0.27853038907051086,-0.034042805433273315,0.025158025760902092
316,sharp,0.1769197523535695,0.00031145065440796316,0.017660830169916153,False,0.00031145065440796316,0.0004624503490049392,0.00015099969459697604,0.017660830169916153,0.021727191284298897,0.004066361114382744,0.3336935043334961,0.30833864212036133,-0.025354862213134766,0.040814610838424414
329,sharp,0.2661917147343047,0.000735574692953378,0.026545614004135132,False,0.000735574692953378,0.0011512066703289747,0.00041563197737559676,0.026545614004135132,0.034872643649578094,0.008327029645442963,0.38075464963912964,0.36815986037254333,-0.012594789266586304,0.08368592843180522
349,sharp,0.1910143244313076,0.00024757266510277987,0.019076675176620483,False,0.00024757266510277987,0.0003735054051503539,0.00012593274004757404,0.019076675176620483,0.024025438353419304,0.0049487631767988205,0.39582115411758423,0.3820633292198181,-0.013757824897766113,0.04961356450803578
351,sharp,0.18914985036826693,0.0003274021146353334,0.01888224482536316,False,0.0003274021146353334,0.0004498384951148182,0.0001224363804794848,0.01888224482536316,0.022664478048682213,0.0037822332233190536,0.39791834354400635,0.37560799717903137,-0.022310346364974976,0.03794476861367002
354,sharp,0.1768130930722691,0.00032826612005010247,0.0176484826952219,False,0.00032826612005010247,0.0003665803815238178,3.8314261473715305e-05,0.0176484826952219,0.02130330726504326,0.0036548245698213577,0.4289986193180084,0.40168264508247375,-0.027315974235534668,0.03658655995968729
359,sharp,0.19036510511068627,0.0002877369406633079,0.019007736817002296,False,0.0002877369406633079,0.00038306237547658384,9.532543481327593e-05,0.019007736817002296,0.02336214855313301,0.004354411736130714,0.428577184677124,0.4073338806629181,-0.021243304014205933,0.04363944279612042
365,sharp,0.20656126740504988,0.0003195107274223119,0.020624175667762756,False,0.0003195107274223119,0.0005240983446128666,0.00020458761719055474,0.020624175667762756,0.0266095120459795,0.0059853363782167435,0.364756315946579,0.35521000623703003,-0.00954630970954895,0.06005795139935799
367,sharp,0.17924215731909499,0.00031327916076406837,0.017892887815833092,False,0.00031327916076406837,0.00042717932956293225,0.00011390016879886389,0.017892887815833092,0.02226169966161251,0.004368811845779419,0.3496802747249603,0.3351026475429535,-0.014577627182006836,0.04380201862659305
369,sharp,0.1961721460975241,0.000414362148148939,0.019575778394937515,False,0.000414362148148939,0.0005066079320386052,9.22457838896662e-05,0.019575778394937515,0.023631131276488304,0.004055352881550789,0.3308570086956024,0.31276780366897583,-0.018089205026626587,0.040645774599397555
374,sharp,0.1407562386157224,0.0002073407085845247,0.014054889790713787,False,0.0002073407085845247,0.0002421306271571666,3.478991857264191e-05,0.014054889790713787,0.0170248094946146,0.002969919703900814,0.2916073501110077,0.2779058814048767,-0.013701468706130981,0.029733986957580782
382,sharp,0.1887036730768159,0.00030872051138430834,0.01883949525654316,False,0.00030872051138430834,0.0004640072293113917,0.00015528671792708337,0.01883949525654316,0.024170774966478348,0.005331279709935188,0.3100614547729492,0.2950781583786011,-0.014983296394348145,0.053468083817278966
385,sharp,0.3540122472913936,0.0016205721767619252,0.035239167511463165,False,0.0016205721767619252,0.0019126536790281534,0.0002920815022662282,0.035239167511463165,0.0446530282497406,0.009413860738277435,0.3302808105945587,0.3164895474910736,-0.013791263103485107,0.09443068888504058
391,sharp,0.16851743214647286,0.0002999743155669421,0.01682174578309059,False,0.0002999743155669421,0.00047342898324131966,0.00017345466767437756,0.01682174578309059,0.02099069207906723,0.004168946295976639,0.3886185884475708,0.3579532206058502,-0.03066536784172058,0.041862917627440766
413,sharp,0.29671395546756685,0.0014977192040532827,0.029521623626351357,False,0.0014977192040532827,0.001476924167945981,-2.0795036107301712e-05,0.029521623626351357,0.035472322255373,0.005950698629021645,0.3595501184463501,0.3515002429485321,-0.008049875497817993,0.059486191254109144
417,sharp,0.20434271678095683,0.0004671154893003404,0.02038756012916565,False,0.0004671154893003404,0.0006310325115919113,0.0001639170222915709,0.02038756012916565,0.025108007714152336,0.004720447584986687,0.35638564825057983,0.343893826007843,-0.012491822242736816,0.04736839287215844
425,sharp,0.14788431284250692,0.0002589745563454926,0.014762533828616142,False,0.0002589745563454926,0.00029641430592164397,3.743974957615137e-05,0.014762533828616142,0.01760277897119522,0.0028402451425790787,0.3024146556854248,0.28483811020851135,-0.017576545476913452,0.028439891175366938
447,sharp,0.2560868687578477,0.0006679273792542517,0.025541894137859344,False,0.0006679273792542517,0.0008959151455201209,0.00022798776626586914,0.025541894137859344,0.030934130772948265,0.005392236635088921,0.31924229860305786,0.28843462467193604,-0.030807673931121826,0.054150354117155075
45,sharp,0.2894321621861309,0.0004901157226413488,0.028894204646348953,False,0.0004901157226413488,0.0007292362279258668,0.000239120505284518,0.028894204646348953,0.03541388362646103,0.006519678980112076,0.3605975806713104,0.33590567111968994,-0.024691909551620483,0.06543591030640528
450,sharp,0.20156394221703522,0.0004802597395610064,0.02010836824774742,False,0.0004802597395610064,0.0005909064784646034,0.000110646738903597,0.02010836824774742,0.023681294173002243,0.0035729259252548218,0.2809346616268158,0.2500343918800354,-0.030900269746780396,0.035839905991451815
454,sharp,0.15769059507874772,0.0003103606286458671,0.015738023445010185,False,0.0003103606286458671,0.00038527362630702555,7.491299766115844e-05,0.015738023445010185,0.01850910484790802,0.0027710814028978348,0.23397402465343475,0.2073187381029129,-0.02665528655052185,0.027785727026639506
456,sharp,0.14000205989577807,0.00022439952590502799,0.013977766036987305,False,0.00022439952590502799,0.0002943144936580211,6.991496775299311e-05,0.013977766036987305,0.016591811552643776,0.0026140455156564713,0.23548148572444916,0.20989681780338287,-0.025584667921066284,0.026210370124317706
46,sharp,0.2869394226290751,0.0004796674766112119,0.02864597551524639,False,0.0004796674766112119,0.0007245682645589113,0.00024490078794769943,0.02864597551524639,0.03531195968389511,0.00666598416864872,0.3585200309753418,0.33448609709739685,-0.024033933877944946,0.0669047424744349
47,sharp,0.3039829228655435,0.0005818699137307703,0.030340105295181274,False,0.0005818699137307703,0.0008291269186884165,0.00024725700495764613,0.030340105295181274,0.03723885864019394,0.006898753345012665,0.3568452000617981,0.33348214626312256,-0.023363053798675537,0.0692347904550843
475,sharp,0.18592537223594263,0.0003231021692045033,0.018560227006673813,False,0.0003231021692045033,0.00038395950105041265,6.085733184590936e-05,0.018560227006673813,0.020093673840165138,0.0015334468334913254,0.2172965407371521,0.18630245327949524,-0.03099408745765686,0.015395325666759163
496,sharp,0.20356603804975748,0.0006124647334218025,0.020295357331633568,False,0.0006124647334218025,0.0005466817528940737,-6.57829805277288e-05,0.020295357331633568,0.022684501484036446,0.002389144152402878,0.2965374290943146,0.26360633969306946,-0.03293108940124512,0.02382565854350105
502,sharp,0.22956685395911336,0.0007458147592842579,0.02288210391998291,False,0.0007458147592842579,0.0006586634553968906,-8.715130388736725e-05,0.02288210391998291,0.02617381140589714,0.0032917074859142303,0.33577772974967957,0.310913622379303,-0.024864107370376587,0.032829923555254936
503,sharp,0.21407122444361448,0.0006559370085597038,0.021341528743505478,False,0.0006559370085597038,0.0005821245722472668,-7.381243631243706e-05,0.021341528743505478,0.02435871586203575,0.0030171871185302734,0.34045323729515076,0.31713101267814636,-0.023322224617004395,0.030098058748990297
542,sharp,0.4472707170061767,0.004692743998020887,0.04425779730081558,False,0.004692743998020887,0.0028418549336493015,-0.0018508890643715858,0.04425779730081558,0.04695213958621025,0.0026943422853946686,0.38313403725624084,0.3744678199291229,-0.00866621732711792,0.0250925337895751
544,sharp,0.41041556745767593,0.0033592432737350464,0.04070563241839409,False,0.0033592432737350464,0.002692079870030284,-0.0006671634037047625,0.04070563241839409,0.045786045491695404,0.005080413073301315,0.3817453384399414,0.37476155161857605,-0.0069837868213653564,0.05013696732930839
560,sharp,0.1787809531961102,0.00034811606747098267,0.017843283712863922,False,0.00034811606747098267,0.000489921891130507,0.00014180582365952432,0.017843283712863922,0.02125418558716774,0.0034109018743038177,0.3329300284385681,0.3210587799549103,-0.011871248483657837,0.0342508245666977
583,sharp,0.3005454202648252,0.0009785478468984365,0.02995668724179268,False,0.0009785478468984365,0.001173269236460328,0.00019472138956189156,0.02995668724179268,0.035411324352025986,0.005454637110233307,0.31262627243995667,0.2945249676704407,-0.01810130476951599,0.05474109249189496
59,sharp,0.26875335388467647,0.0003811683563981205,0.026837218552827835,False,0.0003811683563981205,0.0005634815315715969,0.00018231317517347634,0.026837218552827835,0.03300757333636284,0.006170354783535004,0.3611499071121216,0.3397936522960663,-0.021356254816055298,0.06188586101052351
597,sharp,0.20495584950549528,0.00039119989378377795,0.02045646496117115,False,0.00039119989378377795,0.0005226033972576261,0.0001314035034738481,0.02045646496117115,0.02377452701330185,0.003318062052130699,0.3399358093738556,0.3193119466304779,-0.020623862743377686,0.03331202402478084
617,sharp,0.14490013460454065,0.00015086012717802078,0.014474927447736263,False,0.00015086012717802078,0.00018877751426771283,3.7917387089692056e-05,0.014474927447736263,0.016347454860806465,0.0018725274130702019,0.39424145221710205,0.3727908134460449,-0.02145063877105713,0.01876319151779171
624,sharp,0.1565392852498917,0.000199338115635328,0.015633994713425636,False,0.000199338115635328,0.0002597398415673524,6.040172593202442e-05,0.015633994713425636,0.018397264182567596,0.00276326946914196,0.35499581694602966,0.330203115940094,-0.02479270100593567,0.027693096417351626
629,sharp,0.29889371839817613,0.0009990170365199447,0.02978947013616562,False,0.0009990170365199447,0.0013407247606664896,0.00034170772414654493,0.02978947013616562,0.03778772056102753,0.007998250424861908,0.33037707209587097,0.3098522126674652,-0.02052485942840576,0.08032421197276562
63,sharp,0.23179615603294224,0.00025448144879192114,0.02315416745841503,False,0.00025448144879192114,0.00037420992157422006,0.00011972847278229892,0.02315416745841503,0.028142040595412254,0.004987873136997223,0.3604017496109009,0.34231483936309814,-0.018086910247802734,0.04999845984275453
635,sharp,0.1822043091233354,0.00028346406179480255,0.01819208450615406,False,0.00028346406179480255,0.00036817832733504474,8.47142655402422e-05,0.01819208450615406,0.021408667787909508,0.0032165832817554474,0.2974357008934021,0.2713988423347473,-0.026036858558654785,0.032250547083094716
645,sharp,0.16249720030464232,0.00017026462592184544,0.016232693567872047,False,0.00017026462592184544,0.0002531113277655095,8.284670184366405e-05,0.016232693567872047,0.019788265228271484,0.003555571660399437,0.3067307472229004,0.29711127281188965,-0.009619474411010742,0.035638563305838034
660,sharp,0.19312652671942487,0.0005378844798542559,0.019258864223957062,False,0.0005378844798542559,0.0005326101672835648,-5.274312570691109e-06,0.019258864223957062,0.021204695105552673,0.0019458308815956116,0.3034484386444092,0.28153836727142334,-0.02191007137298584,0.019453034503385425
662,sharp,0.19475191773381084,0.0004593649646267295,0.01942925527691841,False,0.0004593649646267295,0.0004873935831710696,2.8028618544340134e-05,0.01942925527691841,0.021615438163280487,0.002186182886362076,0.3049951195716858,0.2795494496822357,-0.025445669889450073,0.021889857482165098
663,sharp,0.1961189565481618,0.00045393232721835375,0.019566502422094345,False,0.00045393232721835375,0.000510948128066957,5.701580084860325e-05,0.019566502422094345,0.021944459527730942,0.0023779571056365967,0.30116158723831177,0.2770231068134308,-0.02413848042488098,0.02383658685721457
666,sharp,0.2176373608817812,0.0004720658471342176,0.0217165295034647,False,0.0004720658471342176,0.000553356483578682,8.129063644446433e-05,0.0217165295034647,0.024800853803753853,0.003084324300289154,0.2936536967754364,0.27012041211128235,-0.023533284664154053,0.030924533639336005
672,sharp,0.2430902772466652,0.0006417536060325801,0.024244852364063263,False,0.0006417536060325801,0.00076273363083601,0.00012098002480342984,0.024244852364063263,0.02786157839000225,0.0036167260259389877,0.2782265245914459,0.2560570240020752,-0.022169500589370728,0.03628824028419331
692,sharp,0.24592910637147725,0.0004706599283963442,0.02454584464430809,False,0.0004706599283963442,0.0006549149402417243,0.00018425501184538007,0.02454584464430809,0.029695264995098114,0.005149420350790024,0.2674175500869751,0.24052298069000244,-0.026894569396972656,0.05167845851974562
699,sharp,0.2103960201202426,0.000357913231709972,0.021003810688853264,False,0.000357913231709972,0.0004675784439314157,0.00010966521222144365,0.021003810688853264,0.024397164583206177,0.003393353894352913,0.25306424498558044,0.21799598634243011,-0.03506825864315033,0.03404320415575057
701,sharp,0.17975161454523914,0.00023840597714297473,0.017951320856809616,False,0.00023840597714297473,0.00031216192292049527,7.375594577752054e-05,0.017951320856809616,0.02156289666891098,0.003611575812101364,0.291350394487381,0.2673990726470947,-0.023951321840286255,0.03618951406679116
736,sharp,0.09728135136538185,0.00012619947665371,0.009715515188872814,False,0.00012619947665371,0.0001298233401030302,3.623863449320197e-06,0.009715515188872814,0.008900034241378307,-0.0008154809474945068,0.11137700825929642,0.09214095771312714,-0.01923605054616928,-0.008151185611495748
740,sharp,0.10037801829457749,0.00012199064076412469,0.010025602765381336,False,0.00012199064076412469,0.0001076331827789545,-1.4357457985170186e-05,0.010025602765381336,0.008878832682967186,-0.0011467700824141502,0.12507019937038422,0.10279550403356552,-0.022274695336818695,-0.011482058282126673
741,sharp,0.14042718810378574,0.0002880535030271858,0.014013913460075855,False,0.0002880535030271858,0.0002724768710322678,-1.557663199491799e-05,0.014013913460075855,0.013280943967401981,-0.0007329694926738739,0.14274285733699799,0.1212022453546524,-0.02154061198234558,-0.007345271558733657
752,sharp,0.16574728005798534,0.0003566656378097832,0.016539061442017555,False,0.0003566656378097832,0.000414553185692057,5.788754788227379e-05,0.016539061442017555,0.018196336925029755,0.0016572754830121994,0.19355885684490204,0.17020586133003235,-0.02335299551486969,0.016630642378004268
764,sharp,0.14363258858793415,0.00035396558814682066,0.014327862299978733,False,0.00035396558814682066,0.00029753660783171654,-5.642898031510413e-05,0.014327862299978733,0.015497680753469467,0.001169818453490734,0.23319527506828308,0.19972287118434906,-0.03347240388393402,0.011641755554592237
790,sharp,0.15785893448628485,0.0003360586706548929,0.015752287581562996,False,0.0003360586706548929,0.0004386438231449574,0.0001025851524900645,0.015752287581562996,0.018656088039278984,0.002903800457715988,0.2320648431777954,0.20499837398529053,-0.027066469192504883,0.029140589729649946
799,sharp,0.4501791389193386,0.002284170826897025,0.044789496809244156,False,0.002284170826897025,0.002143719233572483,-0.00014045159332454205,0.044789496809244156,0.05116027221083641,0.006370775401592255,0.55534428358078,0.5775677561759949,0.022223472595214844,0.063567302422598
808,sharp,0.3833008339861408,0.0014412185410037637,0.0381859615445137,False,0.0014412185410037637,0.0014975988306105137,5.638028960675001e-05,0.0381859615445137,0.0454050749540329,0.0072191134095191956,0.5670197606086731,0.6011783480644226,0.03415858745574951,0.0722475143847987
809,sharp,0.3271434771595523,0.0009415241656824946,0.03262019529938698,False,0.0009415241656824946,0.001195812481455505,0.00025428831577301025,0.03262019529938698,0.03960149735212326,0.006981302052736282,0.5704159140586853,0.6139920949935913,0.043576180934906006,0.07006730884313583
814,sharp,0.2868242166005075,0.0007363012991845608,0.028608791530132294,False,0.0007363012991845608,0.0009998232126235962,0.0002635219134390354,0.028608791530132294,0.03488391265273094,0.006275121122598648,0.6010585427284241,0.6440961360931396,0.043037593364715576,0.06301473313942552
825,sharp,0.2758926622918807,0.0005532153300009668,0.027533944696187973,False,0.0005532153300009668,0.0008058185921981931,0.0002526032621972263,0.027533944696187973,0.03541387617588043,0.007879931479692459,0.5017225742340088,0.5082412958145142,0.006518721580505371,0.07905191805912182
872,sharp,0.2854733893764205,0.0006909089279361069,0.028478248044848442,False,0.0006909089279361069,0.000941660488024354,0.00025075156008824706,0.028478248044848442,0.035659171640872955,0.007180923596024513,0.5719015002250671,0.6014719009399414,0.029570400714874268,0.07205998752033338
883,sharp,0.26110955758485943,0.00027920363936573267,0.02608303539454937,False,0.00027920363936573267,0.0005512528587132692,0.00027204921934753656,0.02608303539454937,0.032358184456825256,0.0062751490622758865,0.3394932448863983,0.3180367350578308,-0.021456509828567505,0.0630235398421064
894,sharp,0.2048541639233008,0.0003063526237383485,0.020454781129956245,False,0.0003063526237383485,0.00042562177986837924,0.00011926915613003075,0.020454781129956245,0.024341514334082603,0.003886733204126358,0.266248881816864,0.24076440930366516,-0.025484472513198853,0.03898660119739361
901,sharp,0.14088204250583658,0.00010179475793847814,0.01407802477478981,False,0.00010179475793847814,0.00014169268251862377,3.989792458014563e-05,0.01407802477478981,0.01669791340827942,0.0026198886334896088,0.2743128538131714,0.25712740421295166,-0.017185449600219727,0.026238784259476233
935,sharp,0.16305432911030948,0.0001085295807570219,0.016294579952955246,False,0.0001085295807570219,0.00018815557996276766,7.962599920574576e-05,0.016294579952955246,0.01939602941274643,0.0031014494597911835,0.2663644552230835,0.24681365489959717,-0.019550800323486328,0.03109412059711758
942,sharp,0.15374113751749974,6.95692579029128e-05,0.015367156825959682,False,6.95692579029128e-05,0.00013280166604090482,6.323240813799202e-05,0.015367156825959682,0.018864206969738007,0.003497050143778324,0.31077685952186584,0.2982102334499359,-0.012566626071929932,0.03503373384592123
951,sharp,0.23484083247603849,0.00027502310695126653,0.023456580936908722,False,0.00027502310695126653,0.0004955928889103234,0.00022056978195905685,0.023456580936908722,0.029188819229602814,0.005732238292694092,0.3048897385597229,0.2813015580177307,-0.023588180541992188,0.057542952708899975
968,sharp,0.2688016164174769,0.0004332679382059723,0.026836834847927094,False,0.0004332679382059723,0.0007056323229335248,0.00027236438472755253,0.026836834847927094,0.03361555561423302,0.0067787207663059235,0.24893701076507568,0.22609399259090424,-0.022843018174171448,0.06805957204778679
969,sharp,0.21247542841592804,0.0002229717210866511,0.02122524566948414,False,0.0002229717210866511,0.00037301515112631023,0.00015004343003965914,0.02122524566948414,0.02606966160237789,0.004844415932893753,0.2497841864824295,0.2282283455133438,-0.021555840969085693,0.04859420275897719
974,sharp,0.23300266961450689,0.00022615442867390811,0.023277651518583298,False,0.00022615442867390811,0.0003704763948917389,0.00014432196621783078,0.023277651518583298,0.02832476794719696,0.005047116428613663,0.2588420510292053,0.23426830768585205,-0.02457374334335327,0.05061548625235446
975,sharp,0.23218475887551904,0.00032237404957413673,0.02318623848259449,False,0.00032237404957413673,0.00045058465912006795,0.00012821060954593122,0.02318623848259449,0.027528436854481697,0.004342198371887207,0.25267037749290466,0.22566406428813934,-0.02700631320476532,0.043550194328418
979,sharp,0.1890389070031233,0.00023288727970793843,0.018880601972341537,False,0.00023288727970793843,0.0003664179821498692,0.00013353070244193077,0.018880601972341537,0.02278440073132515,0.003903798758983612,0.23184770345687866,0.21135017275810242,-0.020497530698776245,0.03917151829227805
986,sharp,0.20609171790420078,0.00030712885200046003,0.020578458905220032,False,0.00030712885200046003,0.0004251063510309905,0.00011797749903053045,0.020578458905220032,0.02427671104669571,0.0036982521414756775,0.23277787864208221,0.21026092767715454,-0.022516950964927673,0.037100498913787305
99,sharp,0.44450148404575884,0.0026984831783920527,0.04418030008673668,False,0.0026984831783920527,0.001931432751007378,-0.0007670504273846745,0.04418030008673668,0.04694274812936783,0.0027624480426311493,0.31276169419288635,0.28771480917930603,-0.025046885013580322,0.02685742999892682
990,sharp,0.15691232427343493,0.00011532127246027812,0.015679700300097466,False,0.00011532127246027812,0.00018902769079431891,7.370641833404079e-05,0.015679700300097466,0.018604200333356857,0.002924500033259392,0.297985315322876,0.2741719186306,-0.023813396692276,0.02931870675092796
992,sharp,0.32567254919558764,0.0005751075223088264,0.03250974416732788,False,0.0005751075223088264,0.0009941196767613292,0.00041901215445250273,0.03250974416732788,0.041303087025880814,0.008793342858552933,0.3286381661891937,0.30486929416656494,-0.023768872022628784,0.08835244073998183
993,sharp,0.2233120863820659,0.00022264845028985292,0.022308943793177605,False,0.00022264845028985292,0.0003760347899515182,0.00015338633966166526,0.022308943793177605,0.027369501069188118,0.005060557276010513,0.3138355314731598,0.2919621169567108,-0.021873414516448975,0.0507589590997668
994,sharp,0.2692090452183038,0.0007047981489449739,0.026850424706935883,False,0.0007047981489449739,0.0008773409645073116,0.00017254281556233764,0.026850424706935883,0.03257131949067116,0.005720894783735275,0.2886140048503876,0.2624882757663727,-0.026125729084014893,0.05738149065291509
996,sharp,0.2644122250494547,0.0004269227501936257,0.02639853022992611,False,0.0004269227501936257,0.0006654110620729625,0.00023848831187933683,0.02639853022992611,0.032215896993875504,0.005817366763949394,0.2914884686470032,0.26508334279060364,-0.026405125856399536,0.05841215595137328
999,sharp,0.21741078143531922,0.00016692002827767283,0.021724386140704155,False,0.00016692002827767283,0.00030372882611118257,0.00013680879783350974,0.021724386140704155,0.02699105814099312,0.005266672000288963,0.33047860860824585,0.3126521110534668,-0.017826497554779053,0.05280352880072314
